{
  "resourceType" : "Bundle",
  "id" : "example1",
  "type" : "transaction",
  "entry" : [{
    "fullUrl" : "urn:uuid:54e5c032-cd98-11ed-b771-06f111b3c1f2",
    "resource" : {
      "resourceType" : "Patient",
      "text" : {
        "status" : "generated",
        "div" : "<div xmlns=\"http://www.w3.org/1999/xhtml\"><a name=\"Patient_null\"> </a><p class=\"res-header-id\"><b>Generated Narrative: Patient </b></p><p style=\"border: 1px #661aff solid; background-color: #e6e6ff; padding: 10px;\">Refer to VA ADERS Report ID (1999926)(official) Male, DoB: 1999-01-01 ( MRN:\u00a09999999999V999215\u00a0(use:\u00a0official,\u00a0))</p><hr/><table class=\"grid\"><tr><td style=\"background-color: #f3f5da\" title=\"Known status of Patient\">Deceased:</td><td colspan=\"3\">false</td></tr><tr><td style=\"background-color: #f3f5da\" title=\"Other Ids (see the one above)\">Other Ids:</td><td colspan=\"3\"><ul><li>MPIID/9999999999V999215\u00a0(use:\u00a0official,\u00a0)</li><li>VA ADERS Report ID/1999926\u00a0(use:\u00a0secondary,\u00a0)</li></ul></td></tr><tr><td style=\"background-color: #f3f5da\" title=\"Extension patient-ageAtVaccination\"><a href=\"StructureDefinition-patient-ageAtVaccination.html\"/></td><td colspan=\"3\">99 Years 99 Months</td></tr></table></div>"
      },
      "extension" : [{
        "url" : "http://va.gov/fhir/StructureDefinition/patient-ageAtVaccination",
        "valueString" : "99 Years 99 Months"
      }],
      "identifier" : [{
        "use" : "official",
        "type" : {
          "text" : "MPIID"
        },
        "value" : "9999999999V999215"
      },
      {
        "use" : "official",
        "type" : {
          "coding" : [{
            "system" : "http://hl7.org/fhir/v2/0203",
            "code" : "MR"
          }],
          "text" : "MRN"
        },
        "system" : "http://va.gov/fhir/identifiers/USVHA/2-.001",
        "value" : "9999999999V999215"
      },
      {
        "use" : "secondary",
        "type" : {
          "text" : "VA ADERS Report ID"
        },
        "system" : "http://va.gov/fhir/identifiers/USVHA/VAADERS/reportID",
        "value" : "1999926"
      }],
      "name" : [{
        "use" : "official",
        "text" : "Refer to VA ADERS Report ID (1999926)",
        "given" : ["Refer to VA ADERS Report ID (1999926)"]
      }],
      "gender" : "male",
      "birthDate" : "1999-01-01",
      "deceasedBoolean" : false
    },
    "request" : {
      "method" : "POST",
      "url" : "Patient"
    }
  },
  {
    "fullUrl" : "urn:uuid:54e68c10-cd98-11ed-b771-06f111b3c1f2",
    "resource" : {
      "resourceType" : "Immunization",
      "text" : {
        "status" : "extensions",
        "div" : "<div xmlns=\"http://www.w3.org/1999/xhtml\"><a name=\"Immunization_null\"> </a><p class=\"res-header-id\"><b>Generated Narrative: Immunization </b></p><p><b>com/fhir/extn/sda3/lib/administration-administration-status</b>: <span title=\"Codes:\">4</span></p><p><b>com/fhir/extn/sda3/lib/administration-lot-number</b>: FM0698</p><p><b>com/fhir/extn/sda3/lib/administration-manufacturer-name</b>: Pfizer, Inc</p><p><b>identifier</b>: ExternalId/1999926-1\u00a0(use:\u00a0official,\u00a0), FillerId/?ngen-9?\u00a0(use:\u00a0official,\u00a0), PlacerId/?ngen-9?\u00a0(use:\u00a0official,\u00a0), VA ADERS Report ID/1999926\u00a0(use:\u00a0official,\u00a0)</p><p><b>status</b>: Completed</p><p><b>vaccineCode</b>: <span title=\"Codes:\">COVID-19 VACCINE (PFIZER)</span></p><p><b>patient</b>: <a href=\"Patient/1999926\">Patient/1999926</a></p><p><b>occurrence</b>: 2022-04-13 00:00:00-0500</p><p><b>manufacturer</b>: Identifier: Pfizer, Inc</p><p><b>lotNumber</b>: FM0698</p><h3>ProtocolApplieds</h3><table class=\"grid\"><tr><td style=\"display: none\">-</td><td><b>DoseNumber[x]</b></td></tr><tr><td style=\"display: none\">*</td><td>4</td></tr></table></div>"
      },
      "extension" : [{
        "url" : "http://intersystems.com/fhir/extn/sda3/lib/administration-administration-status",
        "valueCodeableConcept" : {
          "coding" : [{
            "code" : "4",
            "display" : "4"
          }]
        }
      },
      {
        "url" : "http://intersystems.com/fhir/extn/sda3/lib/administration-lot-number",
        "valueString" : "FM0698"
      },
      {
        "url" : "http://intersystems.com/fhir/extn/sda3/lib/administration-manufacturer-name",
        "valueString" : "Pfizer, Inc"
      }],
      "identifier" : [{
        "use" : "official",
        "type" : {
          "text" : "ExternalId"
        },
        "value" : "1999926-1"
      },
      {
        "use" : "official",
        "type" : {
          "coding" : [{
            "system" : "http://terminology.hl7.org/CodeSystem/v2-0203",
            "code" : "FILL",
            "display" : "Filler Identifier"
          }],
          "text" : "FillerId"
        }
      },
      {
        "use" : "official",
        "type" : {
          "coding" : [{
            "system" : "http://terminology.hl7.org/CodeSystem/v2-0203",
            "code" : "PLAC",
            "display" : "Placer Identifier"
          }],
          "text" : "PlacerId"
        }
      },
      {
        "use" : "official",
        "type" : {
          "text" : "VA ADERS Report ID"
        },
        "system" : "http://va.gov/fhir/identifiers/USVHA/VAADERS/reportID",
        "value" : "1999926"
      }],
      "status" : "completed",
      "vaccineCode" : {
        "coding" : [{
          "display" : "COVID-19 VACCINE (PFIZER)"
        }],
        "text" : "COVID-19 VACCINE (PFIZER)"
      },
      "patient" : {
        "reference" : "Patient/1999926"
      },
      "occurrenceDateTime" : "2022-04-13T00:00:00-05:00",
      "manufacturer" : {
        "type" : "Organization",
        "identifier" : {
          "value" : "Pfizer, Inc"
        }
      },
      "lotNumber" : "FM0698",
      "protocolApplied" : [{
        "doseNumberString" : "4"
      }]
    },
    "request" : {
      "method" : "POST",
      "url" : "Immunization"
    }
  },
  {
    "fullUrl" : "urn:uuid:54e6f146-cd98-11ed-b771-06f111b3c1f2",
    "resource" : {
      "resourceType" : "AdverseEvent",
      "text" : {
        "status" : "generated",
        "div" : "<div xmlns=\"http://www.w3.org/1999/xhtml\"><a name=\"AdverseEvent_null\"> </a><p class=\"res-header-id\"><b>Generated Narrative: AdverseEvent </b></p><p><b>identifier</b>: VA ADERS Report ID/1999926\u00a0(use:\u00a0official,\u00a0)</p><p><b>actuality</b>: Adverse Event</p><p><b>event</b>: <span title=\"Codes:{https://www.meddra.org 10054112}, {https://www.meddra.org 10067923}, {https://www.meddra.org 10084355}\">10054112:HOSPITALISATION^10067923:VACCINE BREAKTHROUGH INFECTION^10084355:COVID-19 VIRUS TEST POSITIVE^  . . Other Relevant HX:  hospitalization- incidental COVID positive during admission upon testing for placement</span></p><p><b>subject</b>: <a href=\"Patient/1999926\">Patient/1999926</a></p><p><b>date</b>: 2023-01-25 00:00:00-0600</p><p><b>outcome</b>: <span title=\"Codes:{https://www.vaers.hhs.gov/data/datasets.html/Patientoutcomes hospitalization}, {http://hl7.org/fhir/ValueSet/adverse-event-outcome unknown}\">Hospitalization</span></p><h3>SuspectEntities</h3><table class=\"grid\"><tr><td style=\"display: none\">-</td><td><b>Instance</b></td></tr><tr><td style=\"display: none\">*</td><td><a href=\"Immunization/1999926\">Immunization/1999926</a></td></tr></table></div>"
      },
      "identifier" : {
        "use" : "official",
        "type" : {
          "text" : "VA ADERS Report ID"
        },
        "system" : "http://va.gov/fhir/identifiers/USVHA/VAADERS/reportID",
        "value" : "1999926"
      },
      "actuality" : "actual",
      "event" : {
        "coding" : [{
          "system" : "https://www.meddra.org",
          "code" : "10054112",
          "display" : "HOSPITALISATION"
        },
        {
          "system" : "https://www.meddra.org",
          "code" : "10067923",
          "display" : "VACCINE BREAKTHROUGH INFECTION"
        },
        {
          "system" : "https://www.meddra.org",
          "code" : "10084355",
          "display" : "COVID-19 VIRUS TEST POSITIVE"
        }],
        "text" : "10054112:HOSPITALISATION^10067923:VACCINE BREAKTHROUGH INFECTION^10084355:COVID-19 VIRUS TEST POSITIVE^  . . Other Relevant HX:  hospitalization- incidental COVID positive during admission upon testing for placement"
      },
      "subject" : {
        "reference" : "Patient/1999926"
      },
      "date" : "2023-01-25T00:00:00-06:00",
      "outcome" : {
        "coding" : [{
          "system" : "https://www.vaers.hhs.gov/data/datasets.html/Patientoutcomes",
          "code" : "hospitalization",
          "display" : "Hospitalization"
        },
        {
          "system" : "http://hl7.org/fhir/ValueSet/adverse-event-outcome",
          "code" : "unknown",
          "display" : "Unknown"
        }]
      },
      "suspectEntity" : [{
        "instance" : {
          "reference" : "Immunization/1999926"
        }
      }]
    },
    "request" : {
      "method" : "POST",
      "url" : "AdverseEvent"
    }
  }]
}