{
  "package": "vaers-ig",
  "version": "0.1.0",
  "fhirVersion": "4.0.1",
  "jurisdiction": "US",
  "extensions": [
    {
      "url": "http://va.gov/fhir/StructureDefinition/patient-ageAtVaccination",
      "title": "PatientAgeAtVaccination",
      "types": [
        "string"
      ]
    }
  ],
  "profiles": {
    "AdverseEvent": [
      {
        "url": "http://va.gov/fhir/StructureDefinition/VAERSAdverseEvent",
        "title": "VAERS AdverseEvent"
      }
    ],
    "Bundle": [
      {
        "url": "http://va.gov/fhir/StructureDefinition/VAERSBundle",
        "title": "VAERS Bundle"
      }
    ],
    "Immunization": [
      {
        "url": "http://va.gov/fhir/StructureDefinition/VAERSabstract",
        "title": "VAERS: abstract"
      }
    ],
    "Patient": [
      {
        "url": "http://va.gov/fhir/StructureDefinition/VAERSPatient",
        "title": "VAERS Patient"
      }
    ]
  },
  "usage": {
    "http://hl7.org/fhir/StructureDefinition/elementdefinition-bestpractice": [
      "StructureDefinition.snapshot.element.constraint"
    ],
    "http://hl7.org/fhir/StructureDefinition/elementdefinition-bestpractice-explanation": [
      "StructureDefinition.snapshot.element.constraint"
    ],
    "http://hl7.org/fhir/StructureDefinition/elementdefinition-bindingName": [
      "StructureDefinition.snapshot.element.binding"
    ],
    "http://hl7.org/fhir/StructureDefinition/elementdefinition-maxValueSet": [
      "StructureDefinition.snapshot.element.binding"
    ],
    "http://hl7.org/fhir/StructureDefinition/elementdefinition-translatable": [
      "StructureDefinition.snapshot.element"
    ],
    "http://hl7.org/fhir/StructureDefinition/elementdefinition-type-must-support": [
      "StructureDefinition.differential.element.type",
      "StructureDefinition.snapshot.element.type"
    ],
    "http://hl7.org/fhir/StructureDefinition/structuredefinition-compliesWithProfile": [
      "StructureDefinition"
    ],
    "http://hl7.org/fhir/StructureDefinition/structuredefinition-fhir-type": [
      "StructureDefinition.snapshot.element.type"
    ],
    "http://hl7.org/fhir/StructureDefinition/structuredefinition-hierarchy": [
      "StructureDefinition.snapshot.element.type"
    ],
    "http://hl7.org/fhir/tools/StructureDefinition/ig-internal-dependency": [
      "ImplementationGuide.definition"
    ],
    "http://hl7.org/fhir/tools/StructureDefinition/ig-page-name": [
      "ImplementationGuide.definition.page",
      "ImplementationGuide.definition.page.page"
    ],
    "http://hl7.org/fhir/tools/StructureDefinition/ig-parameter": [
      "ImplementationGuide.definition"
    ],
    "http://hl7.org/fhir/tools/StructureDefinition/implementationguide-dependency-comment": [
      "ImplementationGuide.dependsOn"
    ],
    "http://hl7.org/fhir/tools/StructureDefinition/resource-information": [
      "ImplementationGuide.definition.resource"
    ],
    "http://hl7.org/fhir/us/core/StructureDefinition/us-core-birthsex": [
      "Patient"
    ],
    "http://hl7.org/fhir/us/core/StructureDefinition/us-core-ethnicity": [
      "Patient"
    ],
    "http://hl7.org/fhir/us/core/StructureDefinition/us-core-genderIdentity": [
      "Patient"
    ],
    "http://hl7.org/fhir/us/core/StructureDefinition/us-core-race": [
      "Patient"
    ],
    "http://intersystems.com/fhir/extn/sda3/lib/administration-administration-status": [
      "Bundle.entry.resource"
    ],
    "http://intersystems.com/fhir/extn/sda3/lib/administration-lot-number": [
      "Bundle.entry.resource"
    ],
    "http://intersystems.com/fhir/extn/sda3/lib/administration-manufacturer-name": [
      "Bundle.entry.resource"
    ],
    "http://va.gov/fhir/StructureDefinition/patient-ageAtVaccination": [
      "Bundle.entry.resource",
      "Patient"
    ]
  }
}