{"resourceType":"CapabilityStatement","id":"ADERS","text":{"status":"extensions","div":"<div xmlns=\"http://www.w3.org/1999/xhtml\"><p class=\"res-header-id\"><b>Generated Narrative: CapabilityStatement ADERS</b></p><a name=\"ADERS\"> </a><a name=\"hcADERS\"> </a><a name=\"ADERS-en-US\"> </a><h2 id=\"title\">VA Adverse Drug Event Reporting System</h2><ul><li>Implementation Guide Version: 0.1.0 </li><li>FHIR Version: 4.0.1 </li><li>Supported Formats: <code>xml</code>, <code>json</code></li><li>Supported Patch Formats: </li><li>Published on: 2024-12-24 11:26:42+0000 </li><li>Published by: VA </li></ul><blockquote class=\"impl-note\"><p><strong>Note to Implementers: FHIR Capabilities</strong></p><p>Any FHIR capability may be 'allowed' by the system unless explicitly marked as 'SHALL NOT'. A few items are marked as MAY in the Implementation Guide to highlight their potential relevance to the use case.</p></blockquote><h2 id=\"rest\">FHIR RESTful Capabilities</h2><div class=\"panel panel-default\"><div class=\"panel-heading\"><h3 id=\"mode1\" class=\"panel-title\">Mode: <code>server</code></h3></div><div class=\"panel-body\"><div class=\"lead\"><em>Summary of System-wide Interactions</em></div></div></div><h3 id=\"resourcesCap1\">Capabilities by Resource/Profile</h3><h4 id=\"resourcesSummary1\">Summary</h4><p>The summary table lists the resources that are part of this configuration, and for each resource it lists:</p><ul><li>The relevant profiles (if any)</li><li>The interactions supported by each resource (<b><span class=\"bg-info\">R</span></b>ead, <b><span class=\"bg-info\">S</span></b>earch, <b><span class=\"bg-info\">U</span></b>pdate, and <b><span class=\"bg-info\">C</span></b>reate, are always shown, while <b><span class=\"bg-info\">VR</span></b>ead, <b><span class=\"bg-info\">P</span></b>atch, <b><span class=\"bg-info\">D</span></b>elete, <b><span class=\"bg-info\">H</span></b>istory on <b><span class=\"bg-info\">I</span></b>nstance, or <b><span class=\"bg-info\">H</span></b>istory on <b><span class=\"bg-info\">T</span></b>ype are only present if at least one of the resources has support for them.</li><li><span>The required, recommended, and some optional search parameters (if any). </span></li><li>The linked resources enabled for <code>_include</code></li><li>The other resources enabled for <code>_revinclude</code></li><li>The operations on the resource (if any)</li></ul><div class=\"table-responsive\"><table class=\"table table-condensed table-hover\"><thead><tr><th><b>Resource Type</b></th><th><b>Profile</b></th><th class=\"text-center\"><b title=\"GET a resource (read interaction)\">R</b></th><th class=\"text-center\"><b title=\"GET all set of resources of the type (search interaction)\">S</b></th><th class=\"text-center\"><b title=\"PUT a new resource version (update interaction)\">U</b></th><th class=\"text-center\"><b title=\"POST a new resource (create interaction)\">C</b></th><th><b title=\"Required and recommended search parameters\">Searches</b></th><th><code><b>_include</b></code></th><th><code><b>_revinclude</b></code></th><th><b>Operations</b></th></tr></thead><tbody><tr><td><a href=\"#Patient1-1\">Patient</a></td><td>Supported Profiles<br/>\u00a0\u00a0<a href=\"StructureDefinition-VAERSPatient.html\">VAERS Patient</a></td><td class=\"text-center\"></td><td class=\"text-center\"></td><td class=\"text-center\"></td><td class=\"text-center\"></td><td></td><td/><td/><td/></tr><tr><td><a href=\"#Immunization1-2\">Immunization</a></td><td>Supported Profiles<br/>\u00a0\u00a0<a href=\"StructureDefinition-VAERSImmunizationvac1.html\">VAERS Immunization[vac1]</a><br/>\u00a0\u00a0<a href=\"StructureDefinition-VAERSImmunizationvac2.html\">VAERS Immunization[vac2]</a><br/>\u00a0\u00a0<a href=\"StructureDefinition-VAERSImmunizationvac3.html\">VAERS Immunization[vac3]</a><br/>\u00a0\u00a0<a href=\"StructureDefinition-VAERSImmunizationvac4.html\">VAERS Immunization[vac4]</a><br/>\u00a0\u00a0<a href=\"StructureDefinition-VAERSImmunizationpvac1.html\">VAERS Immunization[pvac1]</a><br/>\u00a0\u00a0<a href=\"StructureDefinition-VAERSImmunizationpvac2.html\">VAERS Immunization[pvac2]</a><br/>\u00a0\u00a0<a href=\"StructureDefinition-VAERSImmunizationpvac3.html\">VAERS Immunization[pvac3]</a><br/>\u00a0\u00a0<a href=\"StructureDefinition-VAERSImmunizationpvac4.html\">VAERS Immunization[pvac4]</a><br/>\u00a0\u00a0<a href=\"StructureDefinition-VAERSabstract.html\">VAERS: abstract</a></td><td class=\"text-center\"></td><td class=\"text-center\"></td><td class=\"text-center\"></td><td class=\"text-center\"></td><td></td><td/><td/><td/></tr><tr><td><a href=\"#AdverseEvent1-3\">AdverseEvent</a></td><td>Supported Profiles<br/>\u00a0\u00a0<a href=\"StructureDefinition-VAERSAdverseEvent.html\">VAERS AdverseEvent</a></td><td class=\"text-center\"></td><td class=\"text-center\"></td><td class=\"text-center\"></td><td class=\"text-center\"></td><td></td><td/><td/><td/></tr><tr><td><a href=\"#Bundle1-4\">Bundle</a></td><td>Supported Profiles<br/>\u00a0\u00a0<a href=\"StructureDefinition-VAERSBundle.html\">VAERS Bundle</a></td><td class=\"text-center\"></td><td class=\"text-center\"></td><td class=\"text-center\"></td><td class=\"text-center\"></td><td></td><td/><td/><td/></tr></tbody></table></div><hr/><div class=\"panel panel-default\"><div class=\"panel-heading\"><h4 id=\"Patient1-1\" class=\"panel-title\"><span style=\"float: right;\">Resource Conformance: supported </span>Patient</h4></div><div class=\"panel-body\"><div class=\"container\"><div class=\"row\"><div class=\"col-lg-4\"><span class=\"lead\">Core FHIR Resource</span><br/><a href=\"http://hl7.org/fhir/R4/patient.html\">Patient</a></div><div class=\"col-lg-4\"><span class=\"lead\">Reference Policy</span><br/></div><div class=\"col-lg-4\"><span class=\"lead\">Interaction summary</span><br/><ul/></div></div><p/><div class=\"row\"><div class=\"col-6\"><span class=\"lead\">Supported Profiles</span><p><a href=\"StructureDefinition-VAERSPatient.html\">VAERS Patient</a></p></div></div><p/></div></div></div><div class=\"panel panel-default\"><div class=\"panel-heading\"><h4 id=\"Immunization1-2\" class=\"panel-title\"><span style=\"float: right;\">Resource Conformance: supported </span>Immunization</h4></div><div class=\"panel-body\"><div class=\"container\"><div class=\"row\"><div class=\"col-lg-4\"><span class=\"lead\">Core FHIR Resource</span><br/><a href=\"http://hl7.org/fhir/R4/immunization.html\">Immunization</a></div><div class=\"col-lg-4\"><span class=\"lead\">Reference Policy</span><br/></div><div class=\"col-lg-4\"><span class=\"lead\">Interaction summary</span><br/><ul/></div></div><p/><div class=\"row\"><div class=\"col-6\"><span class=\"lead\">Supported Profiles</span><p><a href=\"StructureDefinition-VAERSImmunizationvac1.html\">VAERS Immunization[vac1]</a><br/><a href=\"StructureDefinition-VAERSImmunizationvac2.html\">VAERS Immunization[vac2]</a><br/><a href=\"StructureDefinition-VAERSImmunizationvac3.html\">VAERS Immunization[vac3]</a><br/><a href=\"StructureDefinition-VAERSImmunizationvac4.html\">VAERS Immunization[vac4]</a><br/><a href=\"StructureDefinition-VAERSImmunizationpvac1.html\">VAERS Immunization[pvac1]</a><br/><a href=\"StructureDefinition-VAERSImmunizationpvac2.html\">VAERS Immunization[pvac2]</a><br/><a href=\"StructureDefinition-VAERSImmunizationpvac3.html\">VAERS Immunization[pvac3]</a><br/><a href=\"StructureDefinition-VAERSImmunizationpvac4.html\">VAERS Immunization[pvac4]</a><br/><a href=\"StructureDefinition-VAERSabstract.html\">VAERS: abstract</a></p></div></div><p/></div></div></div><div class=\"panel panel-default\"><div class=\"panel-heading\"><h4 id=\"AdverseEvent1-3\" class=\"panel-title\"><span style=\"float: right;\">Resource Conformance: supported </span>AdverseEvent</h4></div><div class=\"panel-body\"><div class=\"container\"><div class=\"row\"><div class=\"col-lg-4\"><span class=\"lead\">Core FHIR Resource</span><br/><a href=\"http://hl7.org/fhir/R4/adverseevent.html\">AdverseEvent</a></div><div class=\"col-lg-4\"><span class=\"lead\">Reference Policy</span><br/></div><div class=\"col-lg-4\"><span class=\"lead\">Interaction summary</span><br/><ul/></div></div><p/><div class=\"row\"><div class=\"col-6\"><span class=\"lead\">Supported Profiles</span><p><a href=\"StructureDefinition-VAERSAdverseEvent.html\">VAERS AdverseEvent</a></p></div></div><p/></div></div></div><div class=\"panel panel-default\"><div class=\"panel-heading\"><h4 id=\"Bundle1-4\" class=\"panel-title\"><span style=\"float: right;\">Resource Conformance: supported </span>Bundle</h4></div><div class=\"panel-body\"><div class=\"container\"><div class=\"row\"><div class=\"col-lg-4\"><span class=\"lead\">Core FHIR Resource</span><br/><a href=\"http://hl7.org/fhir/R4/bundle.html\">Bundle</a></div><div class=\"col-lg-4\"><span class=\"lead\">Reference Policy</span><br/></div><div class=\"col-lg-4\"><span class=\"lead\">Interaction summary</span><br/><ul/></div></div><p/><div class=\"row\"><div class=\"col-6\"><span class=\"lead\">Supported Profiles</span><p><a href=\"StructureDefinition-VAERSBundle.html\">VAERS Bundle</a></p></div></div><p/></div></div></div></div>"},"url":"http://va.gov/fhir/CapabilityStatement/ADERS","version":"0.1.0","title":"VA Adverse Drug Event Reporting System","status":"draft","date":"2024-12-24T11:26:42.889Z","publisher":"VA","contact":[{"name":"VA","telecom":[{"system":"url","value":"https://www.va.gov"}]}],"description":"This CapabilityStatement enumerates the profiles that the API should address, in the estimation of the enterprise mapping team. Some elements may not be appropriate for those cases; consult the actual API specification published by the API provider","jurisdiction":[{"coding":[{"system":"urn:iso:std:iso:3166","code":"US","display":"United States of America"}]}],"kind":"requirements","fhirVersion":"4.0.1","format":["xml","json"],"rest":[{"mode":"server","resource":[{"type":"Patient","supportedProfile":["http://va.gov/fhir/StructureDefinition/VAERSPatient"]},{"type":"Immunization","supportedProfile":["http://va.gov/fhir/StructureDefinition/VAERSImmunizationvac1","http://va.gov/fhir/StructureDefinition/VAERSImmunizationvac2","http://va.gov/fhir/StructureDefinition/VAERSImmunizationvac3","http://va.gov/fhir/StructureDefinition/VAERSImmunizationvac4","http://va.gov/fhir/StructureDefinition/VAERSImmunizationpvac1","http://va.gov/fhir/StructureDefinition/VAERSImmunizationpvac2","http://va.gov/fhir/StructureDefinition/VAERSImmunizationpvac3","http://va.gov/fhir/StructureDefinition/VAERSImmunizationpvac4","http://va.gov/fhir/StructureDefinition/VAERSabstract"]},{"type":"AdverseEvent","supportedProfile":["http://va.gov/fhir/StructureDefinition/VAERSAdverseEvent"]},{"type":"Bundle","supportedProfile":["http://va.gov/fhir/StructureDefinition/VAERSBundle"]}]}]}